{
  "id": "Create Astral",
  "arguments": {
    "game": [
      "--username",
      "${auth_player_name}",
      "--version",
      "${version_name}",
      "--gameDir",
      "${game_directory}",
      "--assetsDir",
      "${assets_root}",
      "--assetIndex",
      "${assets_index_name}",
      "--uuid",
      "${auth_uuid}",
      "--accessToken",
      "${auth_access_token}",
      "--clientId",
      "${clientid}",
      "--xuid",
      "${auth_xuid}",
      "--userType",
      "${user_type}",
      "--versionType",
      "${version_type}",
      {
        "rules": [
          {
            "action": "allow",
            "features": {
              "is_demo_user": true
            }
          }
        ],
        "value": [
          "--demo"
        ]
      },
      {
        "rules": [
          {
            "action": "allow",
            "features": {
              "has_custom_resolution": true
            }
          }
        ],
        "value": [
          "--width",
          "${resolution_width}",
          "--height",
          "${resolution_height}"
        ]
      }
    ],
    "jvm": [
      {
        "rules": [
          {
            "action": "allow",
            "os": {
              "name": "osx"
            }
          }
        ],
        "value": [
          "-XstartOnFirstThread"
        ]
      },
      {
        "rules": [
          {
            "action": "allow",
            "os": {
              "name": "windows"
            }
          }
        ],
        "value": [
          "-XX:HeapDumpPath\u003dMojangTricksIntelDriversForPerformance_javaw.exe_minecraft.exe.heapdump"
        ]
      },
      {
        "rules": [
          {
            "action": "allow",
            "os": {
              "name": "windows",
              "version": "^10\\."
            }
          }
        ],
        "value": [
          "-Dos.name\u003dWindows 10",
          "-Dos.version\u003d10.0"
        ]
      },
      {
        "rules": [
          {
            "action": "allow",
            "os": {
              "name": "unknown",
              "arch": "x86"
            }
          }
        ],
        "value": [
          "-Xss1M"
        ]
      },
      "-Djava.library.path\u003d${natives_directory}",
      "-Dminecraft.launcher.brand\u003d${launcher_name}",
      "-Dminecraft.launcher.version\u003d${launcher_version}",
      "-cp",
      "${classpath}"
    ]
  },
  "mainClass": "net.fabricmc.loader.impl.launch.knot.KnotClient",
  "jar": "Create Astral",
  "assetIndex": {
    "totalSize": 468385313,
    "id": "1.18",
    "url": "https://piston-meta.mojang.com/v1/packages/92aa15a18127b6f9e3f0e5a7d018be7ebb389703/1.18.json",
    "sha1": "92aa15a18127b6f9e3f0e5a7d018be7ebb389703",
    "size": 348726
  },
  "assets": "1.18",
  "javaVersion": {
    "component": "java-runtime-beta",
    "majorVersion": 17
  },
  "libraries": [
    {
      "name": "net.fabricmc:tiny-mappings-parser:0.3.0+build.17",
      "url": "https://maven.fabricmc.net/"
    },
    {
      "name": "net.fabricmc:sponge-mixin:0.11.4+mixin.0.8.5",
      "url": "https://maven.fabricmc.net/"
    },
    {
      "name": "net.fabricmc:tiny-remapper:0.8.2",
      "url": "https://maven.fabricmc.net/"
    },
    {
      "name": "net.fabricmc:access-widener:2.1.0",
      "url": "https://maven.fabricmc.net/"
    },
    {
      "name": "org.ow2.asm:asm:9.4",
      "url": "https://maven.fabricmc.net/"
    },
    {
      "name": "org.ow2.asm:asm-analysis:9.4",
      "url": "https://maven.fabricmc.net/"
    },
    {
      "name": "org.ow2.asm:asm-commons:9.4",
      "url": "https://maven.fabricmc.net/"
    },
    {
      "name": "org.ow2.asm:asm-tree:9.4",
      "url": "https://maven.fabricmc.net/"
    },
    {
      "name": "org.ow2.asm:asm-util:9.4",
      "url": "https://maven.fabricmc.net/"
    },
    {
      "name": "net.fabricmc:intermediary:1.18.2",
      "url": "https://maven.fabricmc.net/"
    },
    {
      "name": "net.fabricmc:fabric-loader:0.14.14",
      "url": "https://maven.fabricmc.net/"
    },
    {
      "name": "com.mojang:logging:1.0.0",
      "downloads": {
        "artifact": {
          "path": "com/mojang/logging/1.0.0/logging-1.0.0.jar",
          "url": "https://libraries.minecraft.net/com/mojang/logging/1.0.0/logging-1.0.0.jar",
          "sha1": "f6ca3b2eee0b80b384e8ed93d368faecb82dfb9b",
          "size": 15343
        }
      }
    },
    {
      "name": "com.mojang:blocklist:1.0.10",
      "downloads": {
        "artifact": {
          "path": "com/mojang/blocklist/1.0.10/blocklist-1.0.10.jar",
          "url": "https://libraries.minecraft.net/com/mojang/blocklist/1.0.10/blocklist-1.0.10.jar",
          "sha1": "5c685c5ffa94c4cd39496c7184c1d122e515ecef",
          "size": 964
        }
      }
    },
    {
      "name": "com.mojang:patchy:2.2.10",
      "downloads": {
        "artifact": {
          "path": "com/mojang/patchy/2.2.10/patchy-2.2.10.jar",
          "url": "https://libraries.minecraft.net/com/mojang/patchy/2.2.10/patchy-2.2.10.jar",
          "sha1": "da05971b07cbb379d002cf7eaec6a2048211fefc",
          "size": 4439
        }
      }
    },
    {
      "name": "com.github.oshi:oshi-core:5.8.5",
      "downloads": {
        "artifact": {
          "path": "com/github/oshi/oshi-core/5.8.5/oshi-core-5.8.5.jar",
          "url": "https://libraries.minecraft.net/com/github/oshi/oshi-core/5.8.5/oshi-core-5.8.5.jar",
          "sha1": "1d0ec654d820741327f5a9229d513732a4b7ce50",
          "size": 879623
        }
      }
    },
    {
      "name": "net.java.dev.jna:jna:5.10.0",
      "downloads": {
        "artifact": {
          "path": "net/java/dev/jna/jna/5.10.0/jna-5.10.0.jar",
          "url": "https://libraries.minecraft.net/net/java/dev/jna/jna/5.10.0/jna-5.10.0.jar",
          "sha1": "7cf4c87dd802db50721db66947aa237d7ad09418",
          "size": 1756400
        }
      }
    },
    {
      "name": "net.java.dev.jna:jna-platform:5.10.0",
      "downloads": {
        "artifact": {
          "path": "net/java/dev/jna/jna-platform/5.10.0/jna-platform-5.10.0.jar",
          "url": "https://libraries.minecraft.net/net/java/dev/jna/jna-platform/5.10.0/jna-platform-5.10.0.jar",
          "sha1": "fbed7d9669dba47714ad0d4f4454290a997aee69",
          "size": 1343495
        }
      }
    },
    {
      "name": "org.slf4j:slf4j-api:1.8.0-beta4",
      "downloads": {
        "artifact": {
          "path": "org/slf4j/slf4j-api/1.8.0-beta4/slf4j-api-1.8.0-beta4.jar",
          "url": "https://libraries.minecraft.net/org/slf4j/slf4j-api/1.8.0-beta4/slf4j-api-1.8.0-beta4.jar",
          "sha1": "83b0359d847ee053d745be7ec0d8e9e8a44304b4",
          "size": 44213
        }
      }
    },
    {
      "name": "org.apache.logging.log4j:log4j-slf4j18-impl:2.17.0",
      "downloads": {
        "artifact": {
          "path": "org/apache/logging/log4j/log4j-slf4j18-impl/2.17.0/log4j-slf4j18-impl-2.17.0.jar",
          "url": "https://libraries.minecraft.net/org/apache/logging/log4j/log4j-slf4j18-impl/2.17.0/log4j-slf4j18-impl-2.17.0.jar",
          "sha1": "bd7f6c0b9224dd214afb4e684957e2349b529a8d",
          "size": 21244
        }
      }
    },
    {
      "name": "com.ibm.icu:icu4j:70.1",
      "downloads": {
        "artifact": {
          "path": "com/ibm/icu/icu4j/70.1/icu4j-70.1.jar",
          "url": "https://libraries.minecraft.net/com/ibm/icu/icu4j/70.1/icu4j-70.1.jar",
          "sha1": "dfa3a1fbc55bf5db8c6e79fc0935ac7ab1202950",
          "size": 13708936
        }
      }
    },
    {
      "name": "com.mojang:javabridge:1.2.24",
      "downloads": {
        "artifact": {
          "path": "com/mojang/javabridge/1.2.24/javabridge-1.2.24.jar",
          "url": "https://libraries.minecraft.net/com/mojang/javabridge/1.2.24/javabridge-1.2.24.jar",
          "sha1": "0c876796229b2ef5120f186eab5acc870699d3b9",
          "size": 6053
        }
      }
    },
    {
      "name": "net.sf.jopt-simple:jopt-simple:5.0.4",
      "downloads": {
        "artifact": {
          "path": "net/sf/jopt-simple/jopt-simple/5.0.4/jopt-simple-5.0.4.jar",
          "url": "https://libraries.minecraft.net/net/sf/jopt-simple/jopt-simple/5.0.4/jopt-simple-5.0.4.jar",
          "sha1": "4fdac2fbe92dfad86aa6e9301736f6b4342a3f5c",
          "size": 78146
        }
      }
    },
    {
      "name": "io.netty:netty-all:4.1.68.Final",
      "downloads": {
        "artifact": {
          "path": "io/netty/netty-all/4.1.68.Final/netty-all-4.1.68.Final.jar",
          "url": "https://libraries.minecraft.net/io/netty/netty-all/4.1.68.Final/netty-all-4.1.68.Final.jar",
          "sha1": "b8266a3c93c1c051109f71d3449e5dcd5d60b333",
          "size": 4515045
        }
      }
    },
    {
      "name": "com.google.guava:failureaccess:1.0.1",
      "downloads": {
        "artifact": {
          "path": "com/google/guava/failureaccess/1.0.1/failureaccess-1.0.1.jar",
          "url": "https://libraries.minecraft.net/com/google/guava/failureaccess/1.0.1/failureaccess-1.0.1.jar",
          "sha1": "1dcf1de382a0bf95a3d8b0849546c88bac1292c9",
          "size": 4617
        }
      }
    },
    {
      "name": "com.google.guava:guava:31.0.1-jre",
      "downloads": {
        "artifact": {
          "path": "com/google/guava/guava/31.0.1-jre/guava-31.0.1-jre.jar",
          "url": "https://libraries.minecraft.net/com/google/guava/guava/31.0.1-jre/guava-31.0.1-jre.jar",
          "sha1": "119ea2b2bc205b138974d351777b20f02b92704b",
          "size": 2974216
        }
      }
    },
    {
      "name": "org.apache.commons:commons-lang3:3.12.0",
      "downloads": {
        "artifact": {
          "path": "org/apache/commons/commons-lang3/3.12.0/commons-lang3-3.12.0.jar",
          "url": "https://libraries.minecraft.net/org/apache/commons/commons-lang3/3.12.0/commons-lang3-3.12.0.jar",
          "sha1": "c6842c86792ff03b9f1d1fe2aab8dc23aa6c6f0e",
          "size": 587402
        }
      }
    },
    {
      "name": "commons-io:commons-io:2.11.0",
      "downloads": {
        "artifact": {
          "path": "commons-io/commons-io/2.11.0/commons-io-2.11.0.jar",
          "url": "https://libraries.minecraft.net/commons-io/commons-io/2.11.0/commons-io-2.11.0.jar",
          "sha1": "a2503f302b11ebde7ebc3df41daebe0e4eea3689",
          "size": 327135
        }
      }
    },
    {
      "name": "commons-codec:commons-codec:1.15",
      "downloads": {
        "artifact": {
          "path": "commons-codec/commons-codec/1.15/commons-codec-1.15.jar",
          "url": "https://libraries.minecraft.net/commons-codec/commons-codec/1.15/commons-codec-1.15.jar",
          "sha1": "49d94806b6e3dc933dacbd8acb0fdbab8ebd1e5d",
          "size": 353793
        }
      }
    },
    {
      "name": "com.mojang:brigadier:1.0.18",
      "downloads": {
        "artifact": {
          "path": "com/mojang/brigadier/1.0.18/brigadier-1.0.18.jar",
          "url": "https://libraries.minecraft.net/com/mojang/brigadier/1.0.18/brigadier-1.0.18.jar",
          "sha1": "c1ef1234282716483c92183f49bef47b1a89bfa9",
          "size": 77116
        }
      }
    },
    {
      "name": "com.mojang:datafixerupper:4.1.27",
      "downloads": {
        "artifact": {
          "path": "com/mojang/datafixerupper/4.1.27/datafixerupper-4.1.27.jar",
          "url": "https://libraries.minecraft.net/com/mojang/datafixerupper/4.1.27/datafixerupper-4.1.27.jar",
          "sha1": "0a02c43824ce57c3f7a7d7e744f0d99a040398b5",
          "size": 672957
        }
      }
    },
    {
      "name": "com.google.code.gson:gson:2.8.9",
      "downloads": {
        "artifact": {
          "path": "com/google/code/gson/gson/2.8.9/gson-2.8.9.jar",
          "url": "https://libraries.minecraft.net/com/google/code/gson/gson/2.8.9/gson-2.8.9.jar",
          "sha1": "8a432c1d6825781e21a02db2e2c33c5fde2833b9",
          "size": 258075
        }
      }
    },
    {
      "name": "com.mojang:authlib:3.3.39",
      "downloads": {
        "artifact": {
          "path": "com/mojang/authlib/3.3.39/authlib-3.3.39.jar",
          "url": "https://libraries.minecraft.net/com/mojang/authlib/3.3.39/authlib-3.3.39.jar",
          "sha1": "289405e70c0917eaeac017f7fba9adb4427baa36",
          "size": 98740
        }
      }
    },
    {
      "name": "org.apache.commons:commons-compress:1.21",
      "downloads": {
        "artifact": {
          "path": "org/apache/commons/commons-compress/1.21/commons-compress-1.21.jar",
          "url": "https://libraries.minecraft.net/org/apache/commons/commons-compress/1.21/commons-compress-1.21.jar",
          "sha1": "4ec95b60d4e86b5c95a0e919cb172a0af98011ef",
          "size": 1018316
        }
      }
    },
    {
      "name": "org.apache.httpcomponents:httpclient:4.5.13",
      "downloads": {
        "artifact": {
          "path": "org/apache/httpcomponents/httpclient/4.5.13/httpclient-4.5.13.jar",
          "url": "https://libraries.minecraft.net/org/apache/httpcomponents/httpclient/4.5.13/httpclient-4.5.13.jar",
          "sha1": "e5f6cae5ca7ecaac1ec2827a9e2d65ae2869cada",
          "size": 780321
        }
      }
    },
    {
      "name": "commons-logging:commons-logging:1.2",
      "downloads": {
        "artifact": {
          "path": "commons-logging/commons-logging/1.2/commons-logging-1.2.jar",
          "url": "https://libraries.minecraft.net/commons-logging/commons-logging/1.2/commons-logging-1.2.jar",
          "sha1": "4bfc12adfe4842bf07b657f0369c4cb522955686",
          "size": 61829
        }
      }
    },
    {
      "name": "org.apache.httpcomponents:httpcore:4.4.14",
      "downloads": {
        "artifact": {
          "path": "org/apache/httpcomponents/httpcore/4.4.14/httpcore-4.4.14.jar",
          "url": "https://libraries.minecraft.net/org/apache/httpcomponents/httpcore/4.4.14/httpcore-4.4.14.jar",
          "sha1": "9dd1a631c082d92ecd4bd8fd4cf55026c720a8c1",
          "size": 328436
        }
      }
    },
    {
      "name": "it.unimi.dsi:fastutil:8.5.6",
      "downloads": {
        "artifact": {
          "path": "it/unimi/dsi/fastutil/8.5.6/fastutil-8.5.6.jar",
          "url": "https://libraries.minecraft.net/it/unimi/dsi/fastutil/8.5.6/fastutil-8.5.6.jar",
          "sha1": "76f95700418a68fbc4ac050525261f05dc681ca1",
          "size": 23565248
        }
      }
    },
    {
      "name": "org.apache.logging.log4j:log4j-api:2.17.0",
      "downloads": {
        "artifact": {
          "path": "org/apache/logging/log4j/log4j-api/2.17.0/log4j-api-2.17.0.jar",
          "url": "https://libraries.minecraft.net/org/apache/logging/log4j/log4j-api/2.17.0/log4j-api-2.17.0.jar",
          "sha1": "bbd791e9c8c9421e45337c4fe0a10851c086e36c",
          "size": 301776
        }
      }
    },
    {
      "name": "org.apache.logging.log4j:log4j-core:2.17.0",
      "downloads": {
        "artifact": {
          "path": "org/apache/logging/log4j/log4j-core/2.17.0/log4j-core-2.17.0.jar",
          "url": "https://libraries.minecraft.net/org/apache/logging/log4j/log4j-core/2.17.0/log4j-core-2.17.0.jar",
          "sha1": "fe6e7a32c1228884b9691a744f953a55d0dd8ead",
          "size": 1789339
        }
      }
    },
    {
      "name": "org.lwjgl:lwjgl:3.2.1",
      "downloads": {
        "artifact": {
          "path": "org/lwjgl/lwjgl/3.2.1/lwjgl-3.2.1.jar",
          "url": "https://libraries.minecraft.net/org/lwjgl/lwjgl/3.2.1/lwjgl-3.2.1.jar",
          "sha1": "2bb514e444994c6fece99a21f76e0c90438e377f",
          "size": 317748
        }
      },
      "rules": [
        {
          "action": "allow",
          "os": {
            "name": "osx"
          }
        }
      ]
    },
    {
      "name": "org.lwjgl:lwjgl:3.2.2",
      "downloads": {
        "artifact": {
          "path": "org/lwjgl/lwjgl/3.2.2/lwjgl-3.2.2.jar",
          "url": "https://libraries.minecraft.net/org/lwjgl/lwjgl/3.2.2/lwjgl-3.2.2.jar",
          "sha1": "8ad6294407e15780b43e84929c40e4c5e997972e",
          "size": 321900
        }
      },
      "rules": [
        {
          "action": "allow"
        },
        {
          "action": "disallow",
          "os": {
            "name": "osx"
          }
        }
      ]
    },
    {
      "name": "org.lwjgl:lwjgl-jemalloc:3.2.1",
      "downloads": {
        "artifact": {
          "path": "org/lwjgl/lwjgl-jemalloc/3.2.1/lwjgl-jemalloc-3.2.1.jar",
          "url": "https://libraries.minecraft.net/org/lwjgl/lwjgl-jemalloc/3.2.1/lwjgl-jemalloc-3.2.1.jar",
          "sha1": "7a0c583fcbec32b15784f846df536e1837d83666",
          "size": 38616
        }
      },
      "rules": [
        {
          "action": "allow",
          "os": {
            "name": "osx"
          }
        }
      ]
    },
    {
      "name": "org.lwjgl:lwjgl-jemalloc:3.2.2",
      "downloads": {
        "artifact": {
          "path": "org/lwjgl/lwjgl-jemalloc/3.2.2/lwjgl-jemalloc-3.2.2.jar",
          "url": "https://libraries.minecraft.net/org/lwjgl/lwjgl-jemalloc/3.2.2/lwjgl-jemalloc-3.2.2.jar",
          "sha1": "ee8e57a79300f78294576d87c4a587f8c99402e2",
          "size": 34848
        }
      },
      "rules": [
        {
          "action": "allow"
        },
        {
          "action": "disallow",
          "os": {
            "name": "osx"
          }
        }
      ]
    },
    {
      "name": "org.lwjgl:lwjgl-openal:3.2.1",
      "downloads": {
        "artifact": {
          "path": "org/lwjgl/lwjgl-openal/3.2.1/lwjgl-openal-3.2.1.jar",
          "url": "https://libraries.minecraft.net/org/lwjgl/lwjgl-openal/3.2.1/lwjgl-openal-3.2.1.jar",
          "sha1": "dc7ff2dabb40a141ee9bf2e326d9b1b19f3278fb",
          "size": 80103
        }
      },
      "rules": [
        {
          "action": "allow",
          "os": {
            "name": "osx"
          }
        }
      ]
    },
    {
      "name": "org.lwjgl:lwjgl-openal:3.2.2",
      "downloads": {
        "artifact": {
          "path": "org/lwjgl/lwjgl-openal/3.2.2/lwjgl-openal-3.2.2.jar",
          "url": "https://libraries.minecraft.net/org/lwjgl/lwjgl-openal/3.2.2/lwjgl-openal-3.2.2.jar",
          "sha1": "2b772a102b0a11ee5f2109a5b136f4dc7c630827",
          "size": 80012
        }
      },
      "rules": [
        {
          "action": "allow"
        },
        {
          "action": "disallow",
          "os": {
            "name": "osx"
          }
        }
      ]
    },
    {
      "name": "org.lwjgl:lwjgl-opengl:3.2.1",
      "downloads": {
        "artifact": {
          "path": "org/lwjgl/lwjgl-opengl/3.2.1/lwjgl-opengl-3.2.1.jar",
          "url": "https://libraries.minecraft.net/org/lwjgl/lwjgl-opengl/3.2.1/lwjgl-opengl-3.2.1.jar",
          "sha1": "57008c2374c5bc434b18adfef3f3653ee450ee18",
          "size": 931322
        }
      },
      "rules": [
        {
          "action": "allow",
          "os": {
            "name": "osx"
          }
        }
      ]
    },
    {
      "name": "org.lwjgl:lwjgl-opengl:3.2.2",
      "downloads": {
        "artifact": {
          "path": "org/lwjgl/lwjgl-opengl/3.2.2/lwjgl-opengl-3.2.2.jar",
          "url": "https://libraries.minecraft.net/org/lwjgl/lwjgl-opengl/3.2.2/lwjgl-opengl-3.2.2.jar",
          "sha1": "6ac5bb88b44c43ea195a570aab059f63da004cd8",
          "size": 929780
        }
      },
      "rules": [
        {
          "action": "allow"
        },
        {
          "action": "disallow",
          "os": {
            "name": "osx"
          }
        }
      ]
    },
    {
      "name": "org.lwjgl:lwjgl-glfw:3.2.1",
      "downloads": {
        "artifact": {
          "path": "org/lwjgl/lwjgl-glfw/3.2.1/lwjgl-glfw-3.2.1.jar",
          "url": "https://libraries.minecraft.net/org/lwjgl/lwjgl-glfw/3.2.1/lwjgl-glfw-3.2.1.jar",
          "sha1": "027abb7f64894b61cad163791acd8113f0b21296",
          "size": 116708
        }
      },
      "rules": [
        {
          "action": "allow",
          "os": {
            "name": "osx"
          }
        }
      ]
    },
    {
      "name": "org.lwjgl:lwjgl-glfw:3.2.2",
      "downloads": {
        "artifact": {
          "path": "org/lwjgl/lwjgl-glfw/3.2.2/lwjgl-glfw-3.2.2.jar",
          "url": "https://libraries.minecraft.net/org/lwjgl/lwjgl-glfw/3.2.2/lwjgl-glfw-3.2.2.jar",
          "sha1": "d3ad4df38e400b8afba1de63f84338809399df5b",
          "size": 108907
        }
      },
      "rules": [
        {
          "action": "allow"
        },
        {
          "action": "disallow",
          "os": {
            "name": "osx"
          }
        }
      ]
    },
    {
      "name": "org.lwjgl:lwjgl-stb:3.2.1",
      "downloads": {
        "artifact": {
          "path": "org/lwjgl/lwjgl-stb/3.2.1/lwjgl-stb-3.2.1.jar",
          "url": "https://libraries.minecraft.net/org/lwjgl/lwjgl-stb/3.2.1/lwjgl-stb-3.2.1.jar",
          "sha1": "31f5eb5fce3791d58ec898bc5c1867d76d781ba1",
          "size": 105765
        }
      },
      "rules": [
        {
          "action": "allow",
          "os": {
            "name": "osx"
          }
        }
      ]
    },
    {
      "name": "org.lwjgl:lwjgl-stb:3.2.2",
      "downloads": {
        "artifact": {
          "path": "org/lwjgl/lwjgl-stb/3.2.2/lwjgl-stb-3.2.2.jar",
          "url": "https://libraries.minecraft.net/org/lwjgl/lwjgl-stb/3.2.2/lwjgl-stb-3.2.2.jar",
          "sha1": "3b8e6ebc5851dd3d17e37e5cadce2eff2a429f0f",
          "size": 104469
        }
      },
      "rules": [
        {
          "action": "allow"
        },
        {
          "action": "disallow",
          "os": {
            "name": "osx"
          }
        }
      ]
    },
    {
      "name": "org.lwjgl:lwjgl-tinyfd:3.2.1",
      "downloads": {
        "artifact": {
          "path": "org/lwjgl/lwjgl-tinyfd/3.2.1/lwjgl-tinyfd-3.2.1.jar",
          "url": "https://libraries.minecraft.net/org/lwjgl/lwjgl-tinyfd/3.2.1/lwjgl-tinyfd-3.2.1.jar",
          "sha1": "259f1dbddb921e27e01b32458d6f584eb8bba13a",
          "size": 7088
        }
      },
      "rules": [
        {
          "action": "allow",
          "os": {
            "name": "osx"
          }
        }
      ]
    },
    {
      "name": "org.lwjgl:lwjgl-tinyfd:3.2.2",
      "downloads": {
        "artifact": {
          "path": "org/lwjgl/lwjgl-tinyfd/3.2.2/lwjgl-tinyfd-3.2.2.jar",
          "url": "https://libraries.minecraft.net/org/lwjgl/lwjgl-tinyfd/3.2.2/lwjgl-tinyfd-3.2.2.jar",
          "sha1": "fcbe606c8f8da6f8f9a05e2c540eb1ee8632b0e9",
          "size": 7092
        }
      },
      "rules": [
        {
          "action": "allow"
        },
        {
          "action": "disallow",
          "os": {
            "name": "osx"
          }
        }
      ]
    },
    {
      "name": "org.lwjgl:lwjgl:3.2.1",
      "downloads": {
        "artifact": {
          "path": "org/lwjgl/lwjgl/3.2.1/lwjgl-3.2.1.jar",
          "url": "https://libraries.minecraft.net/org/lwjgl/lwjgl/3.2.1/lwjgl-3.2.1.jar",
          "sha1": "2bb514e444994c6fece99a21f76e0c90438e377f",
          "size": 317748
        },
        "classifiers": {
          "natives-macos": {
            "path": "org/lwjgl/lwjgl/3.2.1/lwjgl-3.2.1-natives-macos.jar",
            "url": "https://libraries.minecraft.net/org/lwjgl/lwjgl/3.2.1/lwjgl-3.2.1-natives-macos.jar",
            "sha1": "5a4c271d150906858d475603dcb9479453c60555",
            "size": 39835
          }
        }
      },
      "natives": {
        "osx": "natives-macos"
      },
      "rules": [
        {
          "action": "allow",
          "os": {
            "name": "osx"
          }
        }
      ]
    },
    {
      "name": "org.lwjgl:lwjgl:3.2.2",
      "downloads": {
        "artifact": {
          "path": "org/lwjgl/lwjgl/3.2.2/lwjgl-3.2.2.jar",
          "url": "https://libraries.minecraft.net/org/lwjgl/lwjgl/3.2.2/lwjgl-3.2.2.jar",
          "sha1": "8ad6294407e15780b43e84929c40e4c5e997972e",
          "size": 321900
        },
        "classifiers": {
          "natives-linux": {
            "path": "org/lwjgl/lwjgl/3.2.2/lwjgl-3.2.2-natives-linux.jar",
            "url": "https://libraries.minecraft.net/org/lwjgl/lwjgl/3.2.2/lwjgl-3.2.2-natives-linux.jar",
            "sha1": "ae7976827ca2a3741f6b9a843a89bacd637af350",
            "size": 124776
          },
          "natives-windows": {
            "path": "org/lwjgl/lwjgl/3.2.2/lwjgl-3.2.2-natives-windows.jar",
            "url": "https://libraries.minecraft.net/org/lwjgl/lwjgl/3.2.2/lwjgl-3.2.2-natives-windows.jar",
            "sha1": "05359f3aa50d36352815fc662ea73e1c00d22170",
            "size": 279593
          }
        }
      },
      "natives": {
        "linux": "natives-linux",
        "windows": "natives-windows"
      },
      "rules": [
        {
          "action": "allow"
        },
        {
          "action": "disallow",
          "os": {
            "name": "osx"
          }
        }
      ]
    },
    {
      "name": "org.lwjgl:lwjgl-jemalloc:3.2.1",
      "downloads": {
        "artifact": {
          "path": "org/lwjgl/lwjgl-jemalloc/3.2.1/lwjgl-jemalloc-3.2.1.jar",
          "url": "https://libraries.minecraft.net/org/lwjgl/lwjgl-jemalloc/3.2.1/lwjgl-jemalloc-3.2.1.jar",
          "sha1": "7a0c583fcbec32b15784f846df536e1837d83666",
          "size": 38616
        },
        "classifiers": {
          "natives-macos": {
            "path": "org/lwjgl/lwjgl-jemalloc/3.2.1/lwjgl-jemalloc-3.2.1-natives-macos.jar",
            "url": "https://libraries.minecraft.net/org/lwjgl/lwjgl-jemalloc/3.2.1/lwjgl-jemalloc-3.2.1-natives-macos.jar",
            "sha1": "439ab9d0264167a949cc7bcce673704322baaf50",
            "size": 117001
          }
        }
      },
      "natives": {
        "osx": "natives-macos"
      },
      "rules": [
        {
          "action": "allow",
          "os": {
            "name": "osx"
          }
        }
      ]
    },
    {
      "name": "org.lwjgl:lwjgl-jemalloc:3.2.2",
      "downloads": {
        "artifact": {
          "path": "org/lwjgl/lwjgl-jemalloc/3.2.2/lwjgl-jemalloc-3.2.2.jar",
          "url": "https://libraries.minecraft.net/org/lwjgl/lwjgl-jemalloc/3.2.2/lwjgl-jemalloc-3.2.2.jar",
          "sha1": "ee8e57a79300f78294576d87c4a587f8c99402e2",
          "size": 34848
        },
        "classifiers": {
          "natives-linux": {
            "path": "org/lwjgl/lwjgl-jemalloc/3.2.2/lwjgl-jemalloc-3.2.2-natives-linux.jar",
            "url": "https://libraries.minecraft.net/org/lwjgl/lwjgl-jemalloc/3.2.2/lwjgl-jemalloc-3.2.2-natives-linux.jar",
            "sha1": "268c08a150347e04e44ba56e359d62c9b78669df",
            "size": 156173
          },
          "natives-windows": {
            "path": "org/lwjgl/lwjgl-jemalloc/3.2.2/lwjgl-jemalloc-3.2.2-natives-windows.jar",
            "url": "https://libraries.minecraft.net/org/lwjgl/lwjgl-jemalloc/3.2.2/lwjgl-jemalloc-3.2.2-natives-windows.jar",
            "sha1": "338b25b99da3ba5f441f6492f2ce2a9c608860ed",
            "size": 220623
          }
        }
      },
      "natives": {
        "linux": "natives-linux",
        "windows": "natives-windows"
      },
      "rules": [
        {
          "action": "allow"
        },
        {
          "action": "disallow",
          "os": {
            "name": "osx"
          }
        }
      ]
    },
    {
      "name": "org.lwjgl:lwjgl-openal:3.2.1",
      "downloads": {
        "artifact": {
          "path": "org/lwjgl/lwjgl-openal/3.2.1/lwjgl-openal-3.2.1.jar",
          "url": "https://libraries.minecraft.net/org/lwjgl/lwjgl-openal/3.2.1/lwjgl-openal-3.2.1.jar",
          "sha1": "dc7ff2dabb40a141ee9bf2e326d9b1b19f3278fb",
          "size": 80103
        },
        "classifiers": {
          "natives-macos": {
            "path": "org/lwjgl/lwjgl-openal/3.2.1/lwjgl-openal-3.2.1-natives-macos.jar",
            "url": "https://libraries.minecraft.net/org/lwjgl/lwjgl-openal/3.2.1/lwjgl-openal-3.2.1-natives-macos.jar",
            "sha1": "9357ebfc82a0d6f64e17093dd963219367cd6fa2",
            "size": 528004
          }
        }
      },
      "natives": {
        "osx": "natives-macos"
      },
      "rules": [
        {
          "action": "allow",
          "os": {
            "name": "osx"
          }
        }
      ]
    },
    {
      "name": "org.lwjgl:lwjgl-openal:3.2.2",
      "downloads": {
        "artifact": {
          "path": "org/lwjgl/lwjgl-openal/3.2.2/lwjgl-openal-3.2.2.jar",
          "url": "https://libraries.minecraft.net/org/lwjgl/lwjgl-openal/3.2.2/lwjgl-openal-3.2.2.jar",
          "sha1": "2b772a102b0a11ee5f2109a5b136f4dc7c630827",
          "size": 80012
        },
        "classifiers": {
          "natives-linux": {
            "path": "org/lwjgl/lwjgl-openal/3.2.2/lwjgl-openal-3.2.2-natives-linux.jar",
            "url": "https://libraries.minecraft.net/org/lwjgl/lwjgl-openal/3.2.2/lwjgl-openal-3.2.2-natives-linux.jar",
            "sha1": "0364f9f5c3947393083ab5f37a571f5603aadd0b",
            "size": 590997
          },
          "natives-windows": {
            "path": "org/lwjgl/lwjgl-openal/3.2.2/lwjgl-openal-3.2.2-natives-windows.jar",
            "url": "https://libraries.minecraft.net/org/lwjgl/lwjgl-openal/3.2.2/lwjgl-openal-3.2.2-natives-windows.jar",
            "sha1": "ec20a7d42a2438528fca87e60b1705f1e2339ddb",
            "size": 1310102
          }
        }
      },
      "natives": {
        "linux": "natives-linux",
        "windows": "natives-windows"
      },
      "rules": [
        {
          "action": "allow"
        },
        {
          "action": "disallow",
          "os": {
            "name": "osx"
          }
        }
      ]
    },
    {
      "name": "org.lwjgl:lwjgl-opengl:3.2.1",
      "downloads": {
        "artifact": {
          "path": "org/lwjgl/lwjgl-opengl/3.2.1/lwjgl-opengl-3.2.1.jar",
          "url": "https://libraries.minecraft.net/org/lwjgl/lwjgl-opengl/3.2.1/lwjgl-opengl-3.2.1.jar",
          "sha1": "57008c2374c5bc434b18adfef3f3653ee450ee18",
          "size": 931322
        },
        "classifiers": {
          "natives-macos": {
            "path": "org/lwjgl/lwjgl-opengl/3.2.1/lwjgl-opengl-3.2.1-natives-macos.jar",
            "url": "https://libraries.minecraft.net/org/lwjgl/lwjgl-opengl/3.2.1/lwjgl-opengl-3.2.1-natives-macos.jar",
            "sha1": "dca9ad9e59a87172144d531e08ef7f6988073db0",
            "size": 38998
          }
        }
      },
      "natives": {
        "osx": "natives-macos"
      },
      "rules": [
        {
          "action": "allow",
          "os": {
            "name": "osx"
          }
        }
      ]
    },
    {
      "name": "org.lwjgl:lwjgl-opengl:3.2.2",
      "downloads": {
        "artifact": {
          "path": "org/lwjgl/lwjgl-opengl/3.2.2/lwjgl-opengl-3.2.2.jar",
          "url": "https://libraries.minecraft.net/org/lwjgl/lwjgl-opengl/3.2.2/lwjgl-opengl-3.2.2.jar",
          "sha1": "6ac5bb88b44c43ea195a570aab059f63da004cd8",
          "size": 929780
        },
        "classifiers": {
          "natives-linux": {
            "path": "org/lwjgl/lwjgl-opengl/3.2.2/lwjgl-opengl-3.2.2-natives-linux.jar",
            "url": "https://libraries.minecraft.net/org/lwjgl/lwjgl-opengl/3.2.2/lwjgl-opengl-3.2.2-natives-linux.jar",
            "sha1": "338d33387919cb3f4cdba143c2b738a71ccfda60",
            "size": 77392
          },
          "natives-windows": {
            "path": "org/lwjgl/lwjgl-opengl/3.2.2/lwjgl-opengl-3.2.2-natives-windows.jar",
            "url": "https://libraries.minecraft.net/org/lwjgl/lwjgl-opengl/3.2.2/lwjgl-opengl-3.2.2-natives-windows.jar",
            "sha1": "d8dcdc91066cae2d2d8279cb4a9f9f05d9525826",
            "size": 170798
          }
        }
      },
      "natives": {
        "linux": "natives-linux",
        "windows": "natives-windows"
      },
      "rules": [
        {
          "action": "allow"
        },
        {
          "action": "disallow",
          "os": {
            "name": "osx"
          }
        }
      ]
    },
    {
      "name": "org.lwjgl:lwjgl-glfw:3.2.1",
      "downloads": {
        "artifact": {
          "path": "org/lwjgl/lwjgl-glfw/3.2.1/lwjgl-glfw-3.2.1.jar",
          "url": "https://libraries.minecraft.net/org/lwjgl/lwjgl-glfw/3.2.1/lwjgl-glfw-3.2.1.jar",
          "sha1": "027abb7f64894b61cad163791acd8113f0b21296",
          "size": 116708
        },
        "classifiers": {
          "natives-macos": {
            "path": "org/lwjgl/lwjgl-glfw/3.2.1/lwjgl-glfw-3.2.1-natives-macos.jar",
            "url": "https://libraries.minecraft.net/org/lwjgl/lwjgl-glfw/3.2.1/lwjgl-glfw-3.2.1-natives-macos.jar",
            "sha1": "72fe6dab6110a5a1cd4833f11840eef7b2eadce5",
            "size": 64724
          }
        }
      },
      "natives": {
        "osx": "natives-macos"
      },
      "rules": [
        {
          "action": "allow",
          "os": {
            "name": "osx"
          }
        }
      ]
    },
    {
      "name": "org.lwjgl:lwjgl-glfw:3.2.2",
      "downloads": {
        "artifact": {
          "path": "org/lwjgl/lwjgl-glfw/3.2.2/lwjgl-glfw-3.2.2.jar",
          "url": "https://libraries.minecraft.net/org/lwjgl/lwjgl-glfw/3.2.2/lwjgl-glfw-3.2.2.jar",
          "sha1": "d3ad4df38e400b8afba1de63f84338809399df5b",
          "size": 108907
        },
        "classifiers": {
          "natives-linux": {
            "path": "org/lwjgl/lwjgl-glfw/3.2.2/lwjgl-glfw-3.2.2-natives-linux.jar",
            "url": "https://libraries.minecraft.net/org/lwjgl/lwjgl-glfw/3.2.2/lwjgl-glfw-3.2.2-natives-linux.jar",
            "sha1": "0957733f26a6661d4883da0335f7ef46d3bbbd7d",
            "size": 159198
          },
          "natives-windows": {
            "path": "org/lwjgl/lwjgl-glfw/3.2.2/lwjgl-glfw-3.2.2-natives-windows.jar",
            "url": "https://libraries.minecraft.net/org/lwjgl/lwjgl-glfw/3.2.2/lwjgl-glfw-3.2.2-natives-windows.jar",
            "sha1": "dc6826d636bf796b33a49038c354210e661bfc17",
            "size": 266648
          }
        }
      },
      "natives": {
        "linux": "natives-linux",
        "windows": "natives-windows"
      },
      "rules": [
        {
          "action": "allow"
        },
        {
          "action": "disallow",
          "os": {
            "name": "osx"
          }
        }
      ]
    },
    {
      "name": "org.lwjgl:lwjgl-stb:3.2.1",
      "downloads": {
        "artifact": {
          "path": "org/lwjgl/lwjgl-stb/3.2.1/lwjgl-stb-3.2.1.jar",
          "url": "https://libraries.minecraft.net/org/lwjgl/lwjgl-stb/3.2.1/lwjgl-stb-3.2.1.jar",
          "sha1": "31f5eb5fce3791d58ec898bc5c1867d76d781ba1",
          "size": 105765
        },
        "classifiers": {
          "natives-macos": {
            "path": "org/lwjgl/lwjgl-stb/3.2.1/lwjgl-stb-3.2.1-natives-macos.jar",
            "url": "https://libraries.minecraft.net/org/lwjgl/lwjgl-stb/3.2.1/lwjgl-stb-3.2.1-natives-macos.jar",
            "sha1": "1f5615c952451c30afafba4a6e3ba4e1cd9e7f5c",
            "size": 192364
          }
        }
      },
      "natives": {
        "osx": "natives-macos"
      },
      "rules": [
        {
          "action": "allow",
          "os": {
            "name": "osx"
          }
        }
      ]
    },
    {
      "name": "org.lwjgl:lwjgl-tinyfd:3.2.2",
      "downloads": {
        "artifact": {
          "path": "org/lwjgl/lwjgl-tinyfd/3.2.2/lwjgl-tinyfd-3.2.2.jar",
          "url": "https://libraries.minecraft.net/org/lwjgl/lwjgl-tinyfd/3.2.2/lwjgl-tinyfd-3.2.2.jar",
          "sha1": "fcbe606c8f8da6f8f9a05e2c540eb1ee8632b0e9",
          "size": 7092
        },
        "classifiers": {
          "natives-linux": {
            "path": "org/lwjgl/lwjgl-tinyfd/3.2.2/lwjgl-tinyfd-3.2.2-natives-linux.jar",
            "url": "https://libraries.minecraft.net/org/lwjgl/lwjgl-tinyfd/3.2.2/lwjgl-tinyfd-3.2.2-natives-linux.jar",
            "sha1": "39e35b161c130635d9c8918ce04e887a30c5b687",
            "size": 38804
          },
          "natives-windows": {
            "path": "org/lwjgl/lwjgl-tinyfd/3.2.2/lwjgl-tinyfd-3.2.2-natives-windows.jar",
            "url": "https://libraries.minecraft.net/org/lwjgl/lwjgl-tinyfd/3.2.2/lwjgl-tinyfd-3.2.2-natives-windows.jar",
            "sha1": "e9115958773644e863332a6a06488d26f9e1fc9f",
            "size": 208314
          }
        }
      },
      "natives": {
        "linux": "natives-linux",
        "windows": "natives-windows"
      },
      "rules": [
        {
          "action": "allow"
        },
        {
          "action": "disallow",
          "os": {
            "name": "osx"
          }
        }
      ]
    },
    {
      "name": "org.lwjgl:lwjgl-tinyfd:3.2.1",
      "downloads": {
        "artifact": {
          "path": "org/lwjgl/lwjgl-tinyfd/3.2.1/lwjgl-tinyfd-3.2.1.jar",
          "url": "https://libraries.minecraft.net/org/lwjgl/lwjgl-tinyfd/3.2.1/lwjgl-tinyfd-3.2.1.jar",
          "sha1": "259f1dbddb921e27e01b32458d6f584eb8bba13a",
          "size": 7088
        },
        "classifiers": {
          "natives-macos": {
            "path": "org/lwjgl/lwjgl-tinyfd/3.2.1/lwjgl-tinyfd-3.2.1-natives-macos.jar",
            "url": "https://libraries.minecraft.net/org/lwjgl/lwjgl-tinyfd/3.2.1/lwjgl-tinyfd-3.2.1-natives-macos.jar",
            "sha1": "759c2fd9cc5c6ce0b5b7af77ac8200483b7fb660",
            "size": 41962
          }
        }
      },
      "natives": {
        "osx": "natives-macos"
      },
      "rules": [
        {
          "action": "allow",
          "os": {
            "name": "osx"
          }
        }
      ]
    },
    {
      "name": "org.lwjgl:lwjgl-stb:3.2.2",
      "downloads": {
        "artifact": {
          "path": "org/lwjgl/lwjgl-stb/3.2.2/lwjgl-stb-3.2.2.jar",
          "url": "https://libraries.minecraft.net/org/lwjgl/lwjgl-stb/3.2.2/lwjgl-stb-3.2.2.jar",
          "sha1": "3b8e6ebc5851dd3d17e37e5cadce2eff2a429f0f",
          "size": 104469
        },
        "classifiers": {
          "natives-linux": {
            "path": "org/lwjgl/lwjgl-stb/3.2.2/lwjgl-stb-3.2.2-natives-linux.jar",
            "url": "https://libraries.minecraft.net/org/lwjgl/lwjgl-stb/3.2.2/lwjgl-stb-3.2.2-natives-linux.jar",
            "sha1": "172c52e586fecf43f759bc4f70a778c01f6fdcc1",
            "size": 203476
          },
          "natives-windows": {
            "path": "org/lwjgl/lwjgl-stb/3.2.2/lwjgl-stb-3.2.2-natives-windows.jar",
            "url": "https://libraries.minecraft.net/org/lwjgl/lwjgl-stb/3.2.2/lwjgl-stb-3.2.2-natives-windows.jar",
            "sha1": "811f705cbb29e8ae8d60bdf8fdd38c0c123ad3ef",
            "size": 465810
          }
        }
      },
      "natives": {
        "linux": "natives-linux",
        "windows": "natives-windows"
      },
      "rules": [
        {
          "action": "allow"
        },
        {
          "action": "disallow",
          "os": {
            "name": "osx"
          }
        }
      ]
    },
    {
      "name": "com.mojang:text2speech:1.12.4",
      "downloads": {
        "artifact": {
          "path": "com/mojang/text2speech/1.12.4/text2speech-1.12.4.jar",
          "url": "https://libraries.minecraft.net/com/mojang/text2speech/1.12.4/text2speech-1.12.4.jar",
          "sha1": "1f618f522dbdd93218c270bcfd8f8dd84be31717",
          "size": 12874
        }
      }
    },
    {
      "name": "com.mojang:text2speech:1.12.4",
      "downloads": {
        "artifact": {
          "path": "com/mojang/text2speech/1.12.4/text2speech-1.12.4.jar",
          "url": "https://libraries.minecraft.net/com/mojang/text2speech/1.12.4/text2speech-1.12.4.jar",
          "sha1": "1f618f522dbdd93218c270bcfd8f8dd84be31717",
          "size": 12874
        },
        "classifiers": {
          "natives-linux": {
            "path": "com/mojang/text2speech/1.12.4/text2speech-1.12.4-natives-linux.jar",
            "url": "https://libraries.minecraft.net/com/mojang/text2speech/1.12.4/text2speech-1.12.4-natives-linux.jar",
            "sha1": "9571b1360a268311d7fa625614186965914f0215",
            "size": 7833
          },
          "natives-windows": {
            "path": "com/mojang/text2speech/1.12.4/text2speech-1.12.4-natives-windows.jar",
            "url": "https://libraries.minecraft.net/com/mojang/text2speech/1.12.4/text2speech-1.12.4-natives-windows.jar",
            "sha1": "7e37c535186a058d730ec03491182fae2efb57be",
            "size": 81379
          }
        }
      },
      "extract": {
        "exclude": [
          "META-INF/"
        ]
      },
      "natives": {
        "linux": "natives-linux",
        "windows": "natives-windows"
      }
    },
    {
      "name": "ca.weblite:java-objc-bridge:1.0.0",
      "downloads": {
        "artifact": {
          "path": "ca/weblite/java-objc-bridge/1.0.0/java-objc-bridge-1.0.0.jar",
          "url": "https://libraries.minecraft.net/ca/weblite/java-objc-bridge/1.0.0/java-objc-bridge-1.0.0.jar",
          "sha1": "6ef160c3133a78de015830860197602ca1c855d3",
          "size": 40502
        },
        "classifiers": {
          "natives-osx": {
            "path": "ca/weblite/java-objc-bridge/1.0.0/java-objc-bridge-1.0.0-natives-osx.jar",
            "url": "https://libraries.minecraft.net/ca/weblite/java-objc-bridge/1.0.0/java-objc-bridge-1.0.0-natives-osx.jar",
            "sha1": "08befab4894d55875f33c3d300f4f71e6e828f64",
            "size": 5629
          }
        }
      },
      "extract": {
        "exclude": [
          "META-INF/"
        ]
      },
      "natives": {
        "osx": "natives-osx"
      },
      "rules": [
        {
          "action": "allow",
          "os": {
            "name": "osx"
          }
        }
      ]
    },
    {
      "name": "ca.weblite:java-objc-bridge:1.0.0",
      "downloads": {
        "artifact": {
          "path": "ca/weblite/java-objc-bridge/1.0.0/java-objc-bridge-1.0.0.jar",
          "url": "https://libraries.minecraft.net/ca/weblite/java-objc-bridge/1.0.0/java-objc-bridge-1.0.0.jar",
          "sha1": "6ef160c3133a78de015830860197602ca1c855d3",
          "size": 40502
        }
      },
      "rules": [
        {
          "action": "allow",
          "os": {
            "name": "osx"
          }
        }
      ]
    }
  ],
  "downloads": {
    "server": {
      "url": "https://launcher.mojang.com/v1/objects/c8f83c5655308435b3dcf03c06d9fe8740a77469/server.jar",
      "sha1": "c8f83c5655308435b3dcf03c06d9fe8740a77469",
      "size": 46592587
    },
    "client": {
      "url": "https://launcher.mojang.com/v1/objects/2e9a3e3107cca00d6bc9c97bf7d149cae163ef21/client.jar",
      "sha1": "2e9a3e3107cca00d6bc9c97bf7d149cae163ef21",
      "size": 20259661
    },
    "client_mappings": {
      "url": "https://launcher.mojang.com/v1/objects/a661c6a55a0600bd391bdbbd6827654c05b2109c/client.txt",
      "sha1": "a661c6a55a0600bd391bdbbd6827654c05b2109c",
      "size": 6716693
    },
    "server_mappings": {
      "url": "https://launcher.mojang.com/v1/objects/e562f588fea155d96291267465dc3323bfe1551b/server.txt",
      "sha1": "e562f588fea155d96291267465dc3323bfe1551b",
      "size": 5212964
    }
  },
  "logging": {
    "client": {
      "file": {
        "id": "client-1.12.xml",
        "url": "https://launcher.mojang.com/v1/objects/bd65e7d2e3c237be76cfbef4c2405033d7f91521/client-1.12.xml",
        "sha1": "bd65e7d2e3c237be76cfbef4c2405033d7f91521",
        "size": 888
      },
      "argument": "-Dlog4j.configurationFile\u003d${path}",
      "type": "log4j2-xml"
    }
  },
  "type": "release",
  "time": "2022-02-28T18:42:45+08:00",
  "releaseTime": "2022-02-28T18:42:45+08:00",
  "minimumLauncherVersion": 21,
  "root": true,
  "patches": [
    {
      "id": "game",
      "version": "1.18.2",
      "priority": 0,
      "arguments": {
        "game": [
          "--username",
          "${auth_player_name}",
          "--version",
          "${version_name}",
          "--gameDir",
          "${game_directory}",
          "--assetsDir",
          "${assets_root}",
          "--assetIndex",
          "${assets_index_name}",
          "--uuid",
          "${auth_uuid}",
          "--accessToken",
          "${auth_access_token}",
          "--clientId",
          "${clientid}",
          "--xuid",
          "${auth_xuid}",
          "--userType",
          "${user_type}",
          "--versionType",
          "${version_type}",
          {
            "rules": [
              {
                "action": "allow",
                "features": {
                  "is_demo_user": true
                }
              }
            ],
            "value": [
              "--demo"
            ]
          },
          {
            "rules": [
              {
                "action": "allow",
                "features": {
                  "has_custom_resolution": true
                }
              }
            ],
            "value": [
              "--width",
              "${resolution_width}",
              "--height",
              "${resolution_height}"
            ]
          }
        ],
        "jvm": [
          {
            "rules": [
              {
                "action": "allow",
                "os": {
                  "name": "osx"
                }
              }
            ],
            "value": [
              "-XstartOnFirstThread"
            ]
          },
          {
            "rules": [
              {
                "action": "allow",
                "os": {
                  "name": "windows"
                }
              }
            ],
            "value": [
              "-XX:HeapDumpPath\u003dMojangTricksIntelDriversForPerformance_javaw.exe_minecraft.exe.heapdump"
            ]
          },
          {
            "rules": [
              {
                "action": "allow",
                "os": {
                  "name": "windows",
                  "version": "^10\\."
                }
              }
            ],
            "value": [
              "-Dos.name\u003dWindows 10",
              "-Dos.version\u003d10.0"
            ]
          },
          {
            "rules": [
              {
                "action": "allow",
                "os": {
                  "name": "unknown",
                  "arch": "x86"
                }
              }
            ],
            "value": [
              "-Xss1M"
            ]
          },
          "-Djava.library.path\u003d${natives_directory}",
          "-Dminecraft.launcher.brand\u003d${launcher_name}",
          "-Dminecraft.launcher.version\u003d${launcher_version}",
          "-cp",
          "${classpath}"
        ]
      },
      "mainClass": "net.minecraft.client.main.Main",
      "assetIndex": {
        "totalSize": 468385313,
        "id": "1.18",
        "url": "https://piston-meta.mojang.com/v1/packages/92aa15a18127b6f9e3f0e5a7d018be7ebb389703/1.18.json",
        "sha1": "92aa15a18127b6f9e3f0e5a7d018be7ebb389703",
        "size": 348726
      },
      "assets": "1.18",
      "complianceLevel": 1,
      "javaVersion": {
        "component": "java-runtime-beta",
        "majorVersion": 17
      },
      "libraries": [
        {
          "name": "com.mojang:logging:1.0.0",
          "downloads": {
            "artifact": {
              "path": "com/mojang/logging/1.0.0/logging-1.0.0.jar",
              "url": "https://libraries.minecraft.net/com/mojang/logging/1.0.0/logging-1.0.0.jar",
              "sha1": "f6ca3b2eee0b80b384e8ed93d368faecb82dfb9b",
              "size": 15343
            }
          }
        },
        {
          "name": "com.mojang:blocklist:1.0.10",
          "downloads": {
            "artifact": {
              "path": "com/mojang/blocklist/1.0.10/blocklist-1.0.10.jar",
              "url": "https://libraries.minecraft.net/com/mojang/blocklist/1.0.10/blocklist-1.0.10.jar",
              "sha1": "5c685c5ffa94c4cd39496c7184c1d122e515ecef",
              "size": 964
            }
          }
        },
        {
          "name": "com.mojang:patchy:2.2.10",
          "downloads": {
            "artifact": {
              "path": "com/mojang/patchy/2.2.10/patchy-2.2.10.jar",
              "url": "https://libraries.minecraft.net/com/mojang/patchy/2.2.10/patchy-2.2.10.jar",
              "sha1": "da05971b07cbb379d002cf7eaec6a2048211fefc",
              "size": 4439
            }
          }
        },
        {
          "name": "com.github.oshi:oshi-core:5.8.5",
          "downloads": {
            "artifact": {
              "path": "com/github/oshi/oshi-core/5.8.5/oshi-core-5.8.5.jar",
              "url": "https://libraries.minecraft.net/com/github/oshi/oshi-core/5.8.5/oshi-core-5.8.5.jar",
              "sha1": "1d0ec654d820741327f5a9229d513732a4b7ce50",
              "size": 879623
            }
          }
        },
        {
          "name": "net.java.dev.jna:jna:5.10.0",
          "downloads": {
            "artifact": {
              "path": "net/java/dev/jna/jna/5.10.0/jna-5.10.0.jar",
              "url": "https://libraries.minecraft.net/net/java/dev/jna/jna/5.10.0/jna-5.10.0.jar",
              "sha1": "7cf4c87dd802db50721db66947aa237d7ad09418",
              "size": 1756400
            }
          }
        },
        {
          "name": "net.java.dev.jna:jna-platform:5.10.0",
          "downloads": {
            "artifact": {
              "path": "net/java/dev/jna/jna-platform/5.10.0/jna-platform-5.10.0.jar",
              "url": "https://libraries.minecraft.net/net/java/dev/jna/jna-platform/5.10.0/jna-platform-5.10.0.jar",
              "sha1": "fbed7d9669dba47714ad0d4f4454290a997aee69",
              "size": 1343495
            }
          }
        },
        {
          "name": "org.slf4j:slf4j-api:1.8.0-beta4",
          "downloads": {
            "artifact": {
              "path": "org/slf4j/slf4j-api/1.8.0-beta4/slf4j-api-1.8.0-beta4.jar",
              "url": "https://libraries.minecraft.net/org/slf4j/slf4j-api/1.8.0-beta4/slf4j-api-1.8.0-beta4.jar",
              "sha1": "83b0359d847ee053d745be7ec0d8e9e8a44304b4",
              "size": 44213
            }
          }
        },
        {
          "name": "org.apache.logging.log4j:log4j-slf4j18-impl:2.17.0",
          "downloads": {
            "artifact": {
              "path": "org/apache/logging/log4j/log4j-slf4j18-impl/2.17.0/log4j-slf4j18-impl-2.17.0.jar",
              "url": "https://libraries.minecraft.net/org/apache/logging/log4j/log4j-slf4j18-impl/2.17.0/log4j-slf4j18-impl-2.17.0.jar",
              "sha1": "bd7f6c0b9224dd214afb4e684957e2349b529a8d",
              "size": 21244
            }
          }
        },
        {
          "name": "com.ibm.icu:icu4j:70.1",
          "downloads": {
            "artifact": {
              "path": "com/ibm/icu/icu4j/70.1/icu4j-70.1.jar",
              "url": "https://libraries.minecraft.net/com/ibm/icu/icu4j/70.1/icu4j-70.1.jar",
              "sha1": "dfa3a1fbc55bf5db8c6e79fc0935ac7ab1202950",
              "size": 13708936
            }
          }
        },
        {
          "name": "com.mojang:javabridge:1.2.24",
          "downloads": {
            "artifact": {
              "path": "com/mojang/javabridge/1.2.24/javabridge-1.2.24.jar",
              "url": "https://libraries.minecraft.net/com/mojang/javabridge/1.2.24/javabridge-1.2.24.jar",
              "sha1": "0c876796229b2ef5120f186eab5acc870699d3b9",
              "size": 6053
            }
          }
        },
        {
          "name": "net.sf.jopt-simple:jopt-simple:5.0.4",
          "downloads": {
            "artifact": {
              "path": "net/sf/jopt-simple/jopt-simple/5.0.4/jopt-simple-5.0.4.jar",
              "url": "https://libraries.minecraft.net/net/sf/jopt-simple/jopt-simple/5.0.4/jopt-simple-5.0.4.jar",
              "sha1": "4fdac2fbe92dfad86aa6e9301736f6b4342a3f5c",
              "size": 78146
            }
          }
        },
        {
          "name": "io.netty:netty-all:4.1.68.Final",
          "downloads": {
            "artifact": {
              "path": "io/netty/netty-all/4.1.68.Final/netty-all-4.1.68.Final.jar",
              "url": "https://libraries.minecraft.net/io/netty/netty-all/4.1.68.Final/netty-all-4.1.68.Final.jar",
              "sha1": "b8266a3c93c1c051109f71d3449e5dcd5d60b333",
              "size": 4515045
            }
          }
        },
        {
          "name": "com.google.guava:failureaccess:1.0.1",
          "downloads": {
            "artifact": {
              "path": "com/google/guava/failureaccess/1.0.1/failureaccess-1.0.1.jar",
              "url": "https://libraries.minecraft.net/com/google/guava/failureaccess/1.0.1/failureaccess-1.0.1.jar",
              "sha1": "1dcf1de382a0bf95a3d8b0849546c88bac1292c9",
              "size": 4617
            }
          }
        },
        {
          "name": "com.google.guava:guava:31.0.1-jre",
          "downloads": {
            "artifact": {
              "path": "com/google/guava/guava/31.0.1-jre/guava-31.0.1-jre.jar",
              "url": "https://libraries.minecraft.net/com/google/guava/guava/31.0.1-jre/guava-31.0.1-jre.jar",
              "sha1": "119ea2b2bc205b138974d351777b20f02b92704b",
              "size": 2974216
            }
          }
        },
        {
          "name": "org.apache.commons:commons-lang3:3.12.0",
          "downloads": {
            "artifact": {
              "path": "org/apache/commons/commons-lang3/3.12.0/commons-lang3-3.12.0.jar",
              "url": "https://libraries.minecraft.net/org/apache/commons/commons-lang3/3.12.0/commons-lang3-3.12.0.jar",
              "sha1": "c6842c86792ff03b9f1d1fe2aab8dc23aa6c6f0e",
              "size": 587402
            }
          }
        },
        {
          "name": "commons-io:commons-io:2.11.0",
          "downloads": {
            "artifact": {
              "path": "commons-io/commons-io/2.11.0/commons-io-2.11.0.jar",
              "url": "https://libraries.minecraft.net/commons-io/commons-io/2.11.0/commons-io-2.11.0.jar",
              "sha1": "a2503f302b11ebde7ebc3df41daebe0e4eea3689",
              "size": 327135
            }
          }
        },
        {
          "name": "commons-codec:commons-codec:1.15",
          "downloads": {
            "artifact": {
              "path": "commons-codec/commons-codec/1.15/commons-codec-1.15.jar",
              "url": "https://libraries.minecraft.net/commons-codec/commons-codec/1.15/commons-codec-1.15.jar",
              "sha1": "49d94806b6e3dc933dacbd8acb0fdbab8ebd1e5d",
              "size": 353793
            }
          }
        },
        {
          "name": "com.mojang:brigadier:1.0.18",
          "downloads": {
            "artifact": {
              "path": "com/mojang/brigadier/1.0.18/brigadier-1.0.18.jar",
              "url": "https://libraries.minecraft.net/com/mojang/brigadier/1.0.18/brigadier-1.0.18.jar",
              "sha1": "c1ef1234282716483c92183f49bef47b1a89bfa9",
              "size": 77116
            }
          }
        },
        {
          "name": "com.mojang:datafixerupper:4.1.27",
          "downloads": {
            "artifact": {
              "path": "com/mojang/datafixerupper/4.1.27/datafixerupper-4.1.27.jar",
              "url": "https://libraries.minecraft.net/com/mojang/datafixerupper/4.1.27/datafixerupper-4.1.27.jar",
              "sha1": "0a02c43824ce57c3f7a7d7e744f0d99a040398b5",
              "size": 672957
            }
          }
        },
        {
          "name": "com.google.code.gson:gson:2.8.9",
          "downloads": {
            "artifact": {
              "path": "com/google/code/gson/gson/2.8.9/gson-2.8.9.jar",
              "url": "https://libraries.minecraft.net/com/google/code/gson/gson/2.8.9/gson-2.8.9.jar",
              "sha1": "8a432c1d6825781e21a02db2e2c33c5fde2833b9",
              "size": 258075
            }
          }
        },
        {
          "name": "com.mojang:authlib:3.3.39",
          "downloads": {
            "artifact": {
              "path": "com/mojang/authlib/3.3.39/authlib-3.3.39.jar",
              "url": "https://libraries.minecraft.net/com/mojang/authlib/3.3.39/authlib-3.3.39.jar",
              "sha1": "289405e70c0917eaeac017f7fba9adb4427baa36",
              "size": 98740
            }
          }
        },
        {
          "name": "org.apache.commons:commons-compress:1.21",
          "downloads": {
            "artifact": {
              "path": "org/apache/commons/commons-compress/1.21/commons-compress-1.21.jar",
              "url": "https://libraries.minecraft.net/org/apache/commons/commons-compress/1.21/commons-compress-1.21.jar",
              "sha1": "4ec95b60d4e86b5c95a0e919cb172a0af98011ef",
              "size": 1018316
            }
          }
        },
        {
          "name": "org.apache.httpcomponents:httpclient:4.5.13",
          "downloads": {
            "artifact": {
              "path": "org/apache/httpcomponents/httpclient/4.5.13/httpclient-4.5.13.jar",
              "url": "https://libraries.minecraft.net/org/apache/httpcomponents/httpclient/4.5.13/httpclient-4.5.13.jar",
              "sha1": "e5f6cae5ca7ecaac1ec2827a9e2d65ae2869cada",
              "size": 780321
            }
          }
        },
        {
          "name": "commons-logging:commons-logging:1.2",
          "downloads": {
            "artifact": {
              "path": "commons-logging/commons-logging/1.2/commons-logging-1.2.jar",
              "url": "https://libraries.minecraft.net/commons-logging/commons-logging/1.2/commons-logging-1.2.jar",
              "sha1": "4bfc12adfe4842bf07b657f0369c4cb522955686",
              "size": 61829
            }
          }
        },
        {
          "name": "org.apache.httpcomponents:httpcore:4.4.14",
          "downloads": {
            "artifact": {
              "path": "org/apache/httpcomponents/httpcore/4.4.14/httpcore-4.4.14.jar",
              "url": "https://libraries.minecraft.net/org/apache/httpcomponents/httpcore/4.4.14/httpcore-4.4.14.jar",
              "sha1": "9dd1a631c082d92ecd4bd8fd4cf55026c720a8c1",
              "size": 328436
            }
          }
        },
        {
          "name": "it.unimi.dsi:fastutil:8.5.6",
          "downloads": {
            "artifact": {
              "path": "it/unimi/dsi/fastutil/8.5.6/fastutil-8.5.6.jar",
              "url": "https://libraries.minecraft.net/it/unimi/dsi/fastutil/8.5.6/fastutil-8.5.6.jar",
              "sha1": "76f95700418a68fbc4ac050525261f05dc681ca1",
              "size": 23565248
            }
          }
        },
        {
          "name": "org.apache.logging.log4j:log4j-api:2.17.0",
          "downloads": {
            "artifact": {
              "path": "org/apache/logging/log4j/log4j-api/2.17.0/log4j-api-2.17.0.jar",
              "url": "https://libraries.minecraft.net/org/apache/logging/log4j/log4j-api/2.17.0/log4j-api-2.17.0.jar",
              "sha1": "bbd791e9c8c9421e45337c4fe0a10851c086e36c",
              "size": 301776
            }
          }
        },
        {
          "name": "org.apache.logging.log4j:log4j-core:2.17.0",
          "downloads": {
            "artifact": {
              "path": "org/apache/logging/log4j/log4j-core/2.17.0/log4j-core-2.17.0.jar",
              "url": "https://libraries.minecraft.net/org/apache/logging/log4j/log4j-core/2.17.0/log4j-core-2.17.0.jar",
              "sha1": "fe6e7a32c1228884b9691a744f953a55d0dd8ead",
              "size": 1789339
            }
          }
        },
        {
          "name": "org.lwjgl:lwjgl:3.2.1",
          "downloads": {
            "artifact": {
              "path": "org/lwjgl/lwjgl/3.2.1/lwjgl-3.2.1.jar",
              "url": "https://libraries.minecraft.net/org/lwjgl/lwjgl/3.2.1/lwjgl-3.2.1.jar",
              "sha1": "2bb514e444994c6fece99a21f76e0c90438e377f",
              "size": 317748
            }
          },
          "rules": [
            {
              "action": "allow",
              "os": {
                "name": "osx"
              }
            }
          ]
        },
        {
          "name": "org.lwjgl:lwjgl:3.2.2",
          "downloads": {
            "artifact": {
              "path": "org/lwjgl/lwjgl/3.2.2/lwjgl-3.2.2.jar",
              "url": "https://libraries.minecraft.net/org/lwjgl/lwjgl/3.2.2/lwjgl-3.2.2.jar",
              "sha1": "8ad6294407e15780b43e84929c40e4c5e997972e",
              "size": 321900
            }
          },
          "rules": [
            {
              "action": "allow"
            },
            {
              "action": "disallow",
              "os": {
                "name": "osx"
              }
            }
          ]
        },
        {
          "name": "org.lwjgl:lwjgl-jemalloc:3.2.1",
          "downloads": {
            "artifact": {
              "path": "org/lwjgl/lwjgl-jemalloc/3.2.1/lwjgl-jemalloc-3.2.1.jar",
              "url": "https://libraries.minecraft.net/org/lwjgl/lwjgl-jemalloc/3.2.1/lwjgl-jemalloc-3.2.1.jar",
              "sha1": "7a0c583fcbec32b15784f846df536e1837d83666",
              "size": 38616
            }
          },
          "rules": [
            {
              "action": "allow",
              "os": {
                "name": "osx"
              }
            }
          ]
        },
        {
          "name": "org.lwjgl:lwjgl-jemalloc:3.2.2",
          "downloads": {
            "artifact": {
              "path": "org/lwjgl/lwjgl-jemalloc/3.2.2/lwjgl-jemalloc-3.2.2.jar",
              "url": "https://libraries.minecraft.net/org/lwjgl/lwjgl-jemalloc/3.2.2/lwjgl-jemalloc-3.2.2.jar",
              "sha1": "ee8e57a79300f78294576d87c4a587f8c99402e2",
              "size": 34848
            }
          },
          "rules": [
            {
              "action": "allow"
            },
            {
              "action": "disallow",
              "os": {
                "name": "osx"
              }
            }
          ]
        },
        {
          "name": "org.lwjgl:lwjgl-openal:3.2.1",
          "downloads": {
            "artifact": {
              "path": "org/lwjgl/lwjgl-openal/3.2.1/lwjgl-openal-3.2.1.jar",
              "url": "https://libraries.minecraft.net/org/lwjgl/lwjgl-openal/3.2.1/lwjgl-openal-3.2.1.jar",
              "sha1": "dc7ff2dabb40a141ee9bf2e326d9b1b19f3278fb",
              "size": 80103
            }
          },
          "rules": [
            {
              "action": "allow",
              "os": {
                "name": "osx"
              }
            }
          ]
        },
        {
          "name": "org.lwjgl:lwjgl-openal:3.2.2",
          "downloads": {
            "artifact": {
              "path": "org/lwjgl/lwjgl-openal/3.2.2/lwjgl-openal-3.2.2.jar",
              "url": "https://libraries.minecraft.net/org/lwjgl/lwjgl-openal/3.2.2/lwjgl-openal-3.2.2.jar",
              "sha1": "2b772a102b0a11ee5f2109a5b136f4dc7c630827",
              "size": 80012
            }
          },
          "rules": [
            {
              "action": "allow"
            },
            {
              "action": "disallow",
              "os": {
                "name": "osx"
              }
            }
          ]
        },
        {
          "name": "org.lwjgl:lwjgl-opengl:3.2.1",
          "downloads": {
            "artifact": {
              "path": "org/lwjgl/lwjgl-opengl/3.2.1/lwjgl-opengl-3.2.1.jar",
              "url": "https://libraries.minecraft.net/org/lwjgl/lwjgl-opengl/3.2.1/lwjgl-opengl-3.2.1.jar",
              "sha1": "57008c2374c5bc434b18adfef3f3653ee450ee18",
              "size": 931322
            }
          },
          "rules": [
            {
              "action": "allow",
              "os": {
                "name": "osx"
              }
            }
          ]
        },
        {
          "name": "org.lwjgl:lwjgl-opengl:3.2.2",
          "downloads": {
            "artifact": {
              "path": "org/lwjgl/lwjgl-opengl/3.2.2/lwjgl-opengl-3.2.2.jar",
              "url": "https://libraries.minecraft.net/org/lwjgl/lwjgl-opengl/3.2.2/lwjgl-opengl-3.2.2.jar",
              "sha1": "6ac5bb88b44c43ea195a570aab059f63da004cd8",
              "size": 929780
            }
          },
          "rules": [
            {
              "action": "allow"
            },
            {
              "action": "disallow",
              "os": {
                "name": "osx"
              }
            }
          ]
        },
        {
          "name": "org.lwjgl:lwjgl-glfw:3.2.1",
          "downloads": {
            "artifact": {
              "path": "org/lwjgl/lwjgl-glfw/3.2.1/lwjgl-glfw-3.2.1.jar",
              "url": "https://libraries.minecraft.net/org/lwjgl/lwjgl-glfw/3.2.1/lwjgl-glfw-3.2.1.jar",
              "sha1": "027abb7f64894b61cad163791acd8113f0b21296",
              "size": 116708
            }
          },
          "rules": [
            {
              "action": "allow",
              "os": {
                "name": "osx"
              }
            }
          ]
        },
        {
          "name": "org.lwjgl:lwjgl-glfw:3.2.2",
          "downloads": {
            "artifact": {
              "path": "org/lwjgl/lwjgl-glfw/3.2.2/lwjgl-glfw-3.2.2.jar",
              "url": "https://libraries.minecraft.net/org/lwjgl/lwjgl-glfw/3.2.2/lwjgl-glfw-3.2.2.jar",
              "sha1": "d3ad4df38e400b8afba1de63f84338809399df5b",
              "size": 108907
            }
          },
          "rules": [
            {
              "action": "allow"
            },
            {
              "action": "disallow",
              "os": {
                "name": "osx"
              }
            }
          ]
        },
        {
          "name": "org.lwjgl:lwjgl-stb:3.2.1",
          "downloads": {
            "artifact": {
              "path": "org/lwjgl/lwjgl-stb/3.2.1/lwjgl-stb-3.2.1.jar",
              "url": "https://libraries.minecraft.net/org/lwjgl/lwjgl-stb/3.2.1/lwjgl-stb-3.2.1.jar",
              "sha1": "31f5eb5fce3791d58ec898bc5c1867d76d781ba1",
              "size": 105765
            }
          },
          "rules": [
            {
              "action": "allow",
              "os": {
                "name": "osx"
              }
            }
          ]
        },
        {
          "name": "org.lwjgl:lwjgl-stb:3.2.2",
          "downloads": {
            "artifact": {
              "path": "org/lwjgl/lwjgl-stb/3.2.2/lwjgl-stb-3.2.2.jar",
              "url": "https://libraries.minecraft.net/org/lwjgl/lwjgl-stb/3.2.2/lwjgl-stb-3.2.2.jar",
              "sha1": "3b8e6ebc5851dd3d17e37e5cadce2eff2a429f0f",
              "size": 104469
            }
          },
          "rules": [
            {
              "action": "allow"
            },
            {
              "action": "disallow",
              "os": {
                "name": "osx"
              }
            }
          ]
        },
        {
          "name": "org.lwjgl:lwjgl-tinyfd:3.2.1",
          "downloads": {
            "artifact": {
              "path": "org/lwjgl/lwjgl-tinyfd/3.2.1/lwjgl-tinyfd-3.2.1.jar",
              "url": "https://libraries.minecraft.net/org/lwjgl/lwjgl-tinyfd/3.2.1/lwjgl-tinyfd-3.2.1.jar",
              "sha1": "259f1dbddb921e27e01b32458d6f584eb8bba13a",
              "size": 7088
            }
          },
          "rules": [
            {
              "action": "allow",
              "os": {
                "name": "osx"
              }
            }
          ]
        },
        {
          "name": "org.lwjgl:lwjgl-tinyfd:3.2.2",
          "downloads": {
            "artifact": {
              "path": "org/lwjgl/lwjgl-tinyfd/3.2.2/lwjgl-tinyfd-3.2.2.jar",
              "url": "https://libraries.minecraft.net/org/lwjgl/lwjgl-tinyfd/3.2.2/lwjgl-tinyfd-3.2.2.jar",
              "sha1": "fcbe606c8f8da6f8f9a05e2c540eb1ee8632b0e9",
              "size": 7092
            }
          },
          "rules": [
            {
              "action": "allow"
            },
            {
              "action": "disallow",
              "os": {
                "name": "osx"
              }
            }
          ]
        },
        {
          "name": "org.lwjgl:lwjgl:3.2.1",
          "downloads": {
            "artifact": {
              "path": "org/lwjgl/lwjgl/3.2.1/lwjgl-3.2.1.jar",
              "url": "https://libraries.minecraft.net/org/lwjgl/lwjgl/3.2.1/lwjgl-3.2.1.jar",
              "sha1": "2bb514e444994c6fece99a21f76e0c90438e377f",
              "size": 317748
            },
            "classifiers": {
              "natives-macos": {
                "path": "org/lwjgl/lwjgl/3.2.1/lwjgl-3.2.1-natives-macos.jar",
                "url": "https://libraries.minecraft.net/org/lwjgl/lwjgl/3.2.1/lwjgl-3.2.1-natives-macos.jar",
                "sha1": "5a4c271d150906858d475603dcb9479453c60555",
                "size": 39835
              }
            }
          },
          "natives": {
            "osx": "natives-macos"
          },
          "rules": [
            {
              "action": "allow",
              "os": {
                "name": "osx"
              }
            }
          ]
        },
        {
          "name": "org.lwjgl:lwjgl:3.2.2",
          "downloads": {
            "artifact": {
              "path": "org/lwjgl/lwjgl/3.2.2/lwjgl-3.2.2.jar",
              "url": "https://libraries.minecraft.net/org/lwjgl/lwjgl/3.2.2/lwjgl-3.2.2.jar",
              "sha1": "8ad6294407e15780b43e84929c40e4c5e997972e",
              "size": 321900
            },
            "classifiers": {
              "natives-linux": {
                "path": "org/lwjgl/lwjgl/3.2.2/lwjgl-3.2.2-natives-linux.jar",
                "url": "https://libraries.minecraft.net/org/lwjgl/lwjgl/3.2.2/lwjgl-3.2.2-natives-linux.jar",
                "sha1": "ae7976827ca2a3741f6b9a843a89bacd637af350",
                "size": 124776
              },
              "natives-windows": {
                "path": "org/lwjgl/lwjgl/3.2.2/lwjgl-3.2.2-natives-windows.jar",
                "url": "https://libraries.minecraft.net/org/lwjgl/lwjgl/3.2.2/lwjgl-3.2.2-natives-windows.jar",
                "sha1": "05359f3aa50d36352815fc662ea73e1c00d22170",
                "size": 279593
              }
            }
          },
          "natives": {
            "linux": "natives-linux",
            "windows": "natives-windows"
          },
          "rules": [
            {
              "action": "allow"
            },
            {
              "action": "disallow",
              "os": {
                "name": "osx"
              }
            }
          ]
        },
        {
          "name": "org.lwjgl:lwjgl-jemalloc:3.2.1",
          "downloads": {
            "artifact": {
              "path": "org/lwjgl/lwjgl-jemalloc/3.2.1/lwjgl-jemalloc-3.2.1.jar",
              "url": "https://libraries.minecraft.net/org/lwjgl/lwjgl-jemalloc/3.2.1/lwjgl-jemalloc-3.2.1.jar",
              "sha1": "7a0c583fcbec32b15784f846df536e1837d83666",
              "size": 38616
            },
            "classifiers": {
              "natives-macos": {
                "path": "org/lwjgl/lwjgl-jemalloc/3.2.1/lwjgl-jemalloc-3.2.1-natives-macos.jar",
                "url": "https://libraries.minecraft.net/org/lwjgl/lwjgl-jemalloc/3.2.1/lwjgl-jemalloc-3.2.1-natives-macos.jar",
                "sha1": "439ab9d0264167a949cc7bcce673704322baaf50",
                "size": 117001
              }
            }
          },
          "natives": {
            "osx": "natives-macos"
          },
          "rules": [
            {
              "action": "allow",
              "os": {
                "name": "osx"
              }
            }
          ]
        },
        {
          "name": "org.lwjgl:lwjgl-jemalloc:3.2.2",
          "downloads": {
            "artifact": {
              "path": "org/lwjgl/lwjgl-jemalloc/3.2.2/lwjgl-jemalloc-3.2.2.jar",
              "url": "https://libraries.minecraft.net/org/lwjgl/lwjgl-jemalloc/3.2.2/lwjgl-jemalloc-3.2.2.jar",
              "sha1": "ee8e57a79300f78294576d87c4a587f8c99402e2",
              "size": 34848
            },
            "classifiers": {
              "natives-linux": {
                "path": "org/lwjgl/lwjgl-jemalloc/3.2.2/lwjgl-jemalloc-3.2.2-natives-linux.jar",
                "url": "https://libraries.minecraft.net/org/lwjgl/lwjgl-jemalloc/3.2.2/lwjgl-jemalloc-3.2.2-natives-linux.jar",
                "sha1": "268c08a150347e04e44ba56e359d62c9b78669df",
                "size": 156173
              },
              "natives-windows": {
                "path": "org/lwjgl/lwjgl-jemalloc/3.2.2/lwjgl-jemalloc-3.2.2-natives-windows.jar",
                "url": "https://libraries.minecraft.net/org/lwjgl/lwjgl-jemalloc/3.2.2/lwjgl-jemalloc-3.2.2-natives-windows.jar",
                "sha1": "338b25b99da3ba5f441f6492f2ce2a9c608860ed",
                "size": 220623
              }
            }
          },
          "natives": {
            "linux": "natives-linux",
            "windows": "natives-windows"
          },
          "rules": [
            {
              "action": "allow"
            },
            {
              "action": "disallow",
              "os": {
                "name": "osx"
              }
            }
          ]
        },
        {
          "name": "org.lwjgl:lwjgl-openal:3.2.1",
          "downloads": {
            "artifact": {
              "path": "org/lwjgl/lwjgl-openal/3.2.1/lwjgl-openal-3.2.1.jar",
              "url": "https://libraries.minecraft.net/org/lwjgl/lwjgl-openal/3.2.1/lwjgl-openal-3.2.1.jar",
              "sha1": "dc7ff2dabb40a141ee9bf2e326d9b1b19f3278fb",
              "size": 80103
            },
            "classifiers": {
              "natives-macos": {
                "path": "org/lwjgl/lwjgl-openal/3.2.1/lwjgl-openal-3.2.1-natives-macos.jar",
                "url": "https://libraries.minecraft.net/org/lwjgl/lwjgl-openal/3.2.1/lwjgl-openal-3.2.1-natives-macos.jar",
                "sha1": "9357ebfc82a0d6f64e17093dd963219367cd6fa2",
                "size": 528004
              }
            }
          },
          "natives": {
            "osx": "natives-macos"
          },
          "rules": [
            {
              "action": "allow",
              "os": {
                "name": "osx"
              }
            }
          ]
        },
        {
          "name": "org.lwjgl:lwjgl-openal:3.2.2",
          "downloads": {
            "artifact": {
              "path": "org/lwjgl/lwjgl-openal/3.2.2/lwjgl-openal-3.2.2.jar",
              "url": "https://libraries.minecraft.net/org/lwjgl/lwjgl-openal/3.2.2/lwjgl-openal-3.2.2.jar",
              "sha1": "2b772a102b0a11ee5f2109a5b136f4dc7c630827",
              "size": 80012
            },
            "classifiers": {
              "natives-linux": {
                "path": "org/lwjgl/lwjgl-openal/3.2.2/lwjgl-openal-3.2.2-natives-linux.jar",
                "url": "https://libraries.minecraft.net/org/lwjgl/lwjgl-openal/3.2.2/lwjgl-openal-3.2.2-natives-linux.jar",
                "sha1": "0364f9f5c3947393083ab5f37a571f5603aadd0b",
                "size": 590997
              },
              "natives-windows": {
                "path": "org/lwjgl/lwjgl-openal/3.2.2/lwjgl-openal-3.2.2-natives-windows.jar",
                "url": "https://libraries.minecraft.net/org/lwjgl/lwjgl-openal/3.2.2/lwjgl-openal-3.2.2-natives-windows.jar",
                "sha1": "ec20a7d42a2438528fca87e60b1705f1e2339ddb",
                "size": 1310102
              }
            }
          },
          "natives": {
            "linux": "natives-linux",
            "windows": "natives-windows"
          },
          "rules": [
            {
              "action": "allow"
            },
            {
              "action": "disallow",
              "os": {
                "name": "osx"
              }
            }
          ]
        },
        {
          "name": "org.lwjgl:lwjgl-opengl:3.2.1",
          "downloads": {
            "artifact": {
              "path": "org/lwjgl/lwjgl-opengl/3.2.1/lwjgl-opengl-3.2.1.jar",
              "url": "https://libraries.minecraft.net/org/lwjgl/lwjgl-opengl/3.2.1/lwjgl-opengl-3.2.1.jar",
              "sha1": "57008c2374c5bc434b18adfef3f3653ee450ee18",
              "size": 931322
            },
            "classifiers": {
              "natives-macos": {
                "path": "org/lwjgl/lwjgl-opengl/3.2.1/lwjgl-opengl-3.2.1-natives-macos.jar",
                "url": "https://libraries.minecraft.net/org/lwjgl/lwjgl-opengl/3.2.1/lwjgl-opengl-3.2.1-natives-macos.jar",
                "sha1": "dca9ad9e59a87172144d531e08ef7f6988073db0",
                "size": 38998
              }
            }
          },
          "natives": {
            "osx": "natives-macos"
          },
          "rules": [
            {
              "action": "allow",
              "os": {
                "name": "osx"
              }
            }
          ]
        },
        {
          "name": "org.lwjgl:lwjgl-opengl:3.2.2",
          "downloads": {
            "artifact": {
              "path": "org/lwjgl/lwjgl-opengl/3.2.2/lwjgl-opengl-3.2.2.jar",
              "url": "https://libraries.minecraft.net/org/lwjgl/lwjgl-opengl/3.2.2/lwjgl-opengl-3.2.2.jar",
              "sha1": "6ac5bb88b44c43ea195a570aab059f63da004cd8",
              "size": 929780
            },
            "classifiers": {
              "natives-linux": {
                "path": "org/lwjgl/lwjgl-opengl/3.2.2/lwjgl-opengl-3.2.2-natives-linux.jar",
                "url": "https://libraries.minecraft.net/org/lwjgl/lwjgl-opengl/3.2.2/lwjgl-opengl-3.2.2-natives-linux.jar",
                "sha1": "338d33387919cb3f4cdba143c2b738a71ccfda60",
                "size": 77392
              },
              "natives-windows": {
                "path": "org/lwjgl/lwjgl-opengl/3.2.2/lwjgl-opengl-3.2.2-natives-windows.jar",
                "url": "https://libraries.minecraft.net/org/lwjgl/lwjgl-opengl/3.2.2/lwjgl-opengl-3.2.2-natives-windows.jar",
                "sha1": "d8dcdc91066cae2d2d8279cb4a9f9f05d9525826",
                "size": 170798
              }
            }
          },
          "natives": {
            "linux": "natives-linux",
            "windows": "natives-windows"
          },
          "rules": [
            {
              "action": "allow"
            },
            {
              "action": "disallow",
              "os": {
                "name": "osx"
              }
            }
          ]
        },
        {
          "name": "org.lwjgl:lwjgl-glfw:3.2.1",
          "downloads": {
            "artifact": {
              "path": "org/lwjgl/lwjgl-glfw/3.2.1/lwjgl-glfw-3.2.1.jar",
              "url": "https://libraries.minecraft.net/org/lwjgl/lwjgl-glfw/3.2.1/lwjgl-glfw-3.2.1.jar",
              "sha1": "027abb7f64894b61cad163791acd8113f0b21296",
              "size": 116708
            },
            "classifiers": {
              "natives-macos": {
                "path": "org/lwjgl/lwjgl-glfw/3.2.1/lwjgl-glfw-3.2.1-natives-macos.jar",
                "url": "https://libraries.minecraft.net/org/lwjgl/lwjgl-glfw/3.2.1/lwjgl-glfw-3.2.1-natives-macos.jar",
                "sha1": "72fe6dab6110a5a1cd4833f11840eef7b2eadce5",
                "size": 64724
              }
            }
          },
          "natives": {
            "osx": "natives-macos"
          },
          "rules": [
            {
              "action": "allow",
              "os": {
                "name": "osx"
              }
            }
          ]
        },
        {
          "name": "org.lwjgl:lwjgl-glfw:3.2.2",
          "downloads": {
            "artifact": {
              "path": "org/lwjgl/lwjgl-glfw/3.2.2/lwjgl-glfw-3.2.2.jar",
              "url": "https://libraries.minecraft.net/org/lwjgl/lwjgl-glfw/3.2.2/lwjgl-glfw-3.2.2.jar",
              "sha1": "d3ad4df38e400b8afba1de63f84338809399df5b",
              "size": 108907
            },
            "classifiers": {
              "natives-linux": {
                "path": "org/lwjgl/lwjgl-glfw/3.2.2/lwjgl-glfw-3.2.2-natives-linux.jar",
                "url": "https://libraries.minecraft.net/org/lwjgl/lwjgl-glfw/3.2.2/lwjgl-glfw-3.2.2-natives-linux.jar",
                "sha1": "0957733f26a6661d4883da0335f7ef46d3bbbd7d",
                "size": 159198
              },
              "natives-windows": {
                "path": "org/lwjgl/lwjgl-glfw/3.2.2/lwjgl-glfw-3.2.2-natives-windows.jar",
                "url": "https://libraries.minecraft.net/org/lwjgl/lwjgl-glfw/3.2.2/lwjgl-glfw-3.2.2-natives-windows.jar",
                "sha1": "dc6826d636bf796b33a49038c354210e661bfc17",
                "size": 266648
              }
            }
          },
          "natives": {
            "linux": "natives-linux",
            "windows": "natives-windows"
          },
          "rules": [
            {
              "action": "allow"
            },
            {
              "action": "disallow",
              "os": {
                "name": "osx"
              }
            }
          ]
        },
        {
          "name": "org.lwjgl:lwjgl-stb:3.2.1",
          "downloads": {
            "artifact": {
              "path": "org/lwjgl/lwjgl-stb/3.2.1/lwjgl-stb-3.2.1.jar",
              "url": "https://libraries.minecraft.net/org/lwjgl/lwjgl-stb/3.2.1/lwjgl-stb-3.2.1.jar",
              "sha1": "31f5eb5fce3791d58ec898bc5c1867d76d781ba1",
              "size": 105765
            },
            "classifiers": {
              "natives-macos": {
                "path": "org/lwjgl/lwjgl-stb/3.2.1/lwjgl-stb-3.2.1-natives-macos.jar",
                "url": "https://libraries.minecraft.net/org/lwjgl/lwjgl-stb/3.2.1/lwjgl-stb-3.2.1-natives-macos.jar",
                "sha1": "1f5615c952451c30afafba4a6e3ba4e1cd9e7f5c",
                "size": 192364
              }
            }
          },
          "natives": {
            "osx": "natives-macos"
          },
          "rules": [
            {
              "action": "allow",
              "os": {
                "name": "osx"
              }
            }
          ]
        },
        {
          "name": "org.lwjgl:lwjgl-tinyfd:3.2.2",
          "downloads": {
            "artifact": {
              "path": "org/lwjgl/lwjgl-tinyfd/3.2.2/lwjgl-tinyfd-3.2.2.jar",
              "url": "https://libraries.minecraft.net/org/lwjgl/lwjgl-tinyfd/3.2.2/lwjgl-tinyfd-3.2.2.jar",
              "sha1": "fcbe606c8f8da6f8f9a05e2c540eb1ee8632b0e9",
              "size": 7092
            },
            "classifiers": {
              "natives-linux": {
                "path": "org/lwjgl/lwjgl-tinyfd/3.2.2/lwjgl-tinyfd-3.2.2-natives-linux.jar",
                "url": "https://libraries.minecraft.net/org/lwjgl/lwjgl-tinyfd/3.2.2/lwjgl-tinyfd-3.2.2-natives-linux.jar",
                "sha1": "39e35b161c130635d9c8918ce04e887a30c5b687",
                "size": 38804
              },
              "natives-windows": {
                "path": "org/lwjgl/lwjgl-tinyfd/3.2.2/lwjgl-tinyfd-3.2.2-natives-windows.jar",
                "url": "https://libraries.minecraft.net/org/lwjgl/lwjgl-tinyfd/3.2.2/lwjgl-tinyfd-3.2.2-natives-windows.jar",
                "sha1": "e9115958773644e863332a6a06488d26f9e1fc9f",
                "size": 208314
              }
            }
          },
          "natives": {
            "linux": "natives-linux",
            "windows": "natives-windows"
          },
          "rules": [
            {
              "action": "allow"
            },
            {
              "action": "disallow",
              "os": {
                "name": "osx"
              }
            }
          ]
        },
        {
          "name": "org.lwjgl:lwjgl-tinyfd:3.2.1",
          "downloads": {
            "artifact": {
              "path": "org/lwjgl/lwjgl-tinyfd/3.2.1/lwjgl-tinyfd-3.2.1.jar",
              "url": "https://libraries.minecraft.net/org/lwjgl/lwjgl-tinyfd/3.2.1/lwjgl-tinyfd-3.2.1.jar",
              "sha1": "259f1dbddb921e27e01b32458d6f584eb8bba13a",
              "size": 7088
            },
            "classifiers": {
              "natives-macos": {
                "path": "org/lwjgl/lwjgl-tinyfd/3.2.1/lwjgl-tinyfd-3.2.1-natives-macos.jar",
                "url": "https://libraries.minecraft.net/org/lwjgl/lwjgl-tinyfd/3.2.1/lwjgl-tinyfd-3.2.1-natives-macos.jar",
                "sha1": "759c2fd9cc5c6ce0b5b7af77ac8200483b7fb660",
                "size": 41962
              }
            }
          },
          "natives": {
            "osx": "natives-macos"
          },
          "rules": [
            {
              "action": "allow",
              "os": {
                "name": "osx"
              }
            }
          ]
        },
        {
          "name": "org.lwjgl:lwjgl-stb:3.2.2",
          "downloads": {
            "artifact": {
              "path": "org/lwjgl/lwjgl-stb/3.2.2/lwjgl-stb-3.2.2.jar",
              "url": "https://libraries.minecraft.net/org/lwjgl/lwjgl-stb/3.2.2/lwjgl-stb-3.2.2.jar",
              "sha1": "3b8e6ebc5851dd3d17e37e5cadce2eff2a429f0f",
              "size": 104469
            },
            "classifiers": {
              "natives-linux": {
                "path": "org/lwjgl/lwjgl-stb/3.2.2/lwjgl-stb-3.2.2-natives-linux.jar",
                "url": "https://libraries.minecraft.net/org/lwjgl/lwjgl-stb/3.2.2/lwjgl-stb-3.2.2-natives-linux.jar",
                "sha1": "172c52e586fecf43f759bc4f70a778c01f6fdcc1",
                "size": 203476
              },
              "natives-windows": {
                "path": "org/lwjgl/lwjgl-stb/3.2.2/lwjgl-stb-3.2.2-natives-windows.jar",
                "url": "https://libraries.minecraft.net/org/lwjgl/lwjgl-stb/3.2.2/lwjgl-stb-3.2.2-natives-windows.jar",
                "sha1": "811f705cbb29e8ae8d60bdf8fdd38c0c123ad3ef",
                "size": 465810
              }
            }
          },
          "natives": {
            "linux": "natives-linux",
            "windows": "natives-windows"
          },
          "rules": [
            {
              "action": "allow"
            },
            {
              "action": "disallow",
              "os": {
                "name": "osx"
              }
            }
          ]
        },
        {
          "name": "com.mojang:text2speech:1.12.4",
          "downloads": {
            "artifact": {
              "path": "com/mojang/text2speech/1.12.4/text2speech-1.12.4.jar",
              "url": "https://libraries.minecraft.net/com/mojang/text2speech/1.12.4/text2speech-1.12.4.jar",
              "sha1": "1f618f522dbdd93218c270bcfd8f8dd84be31717",
              "size": 12874
            }
          }
        },
        {
          "name": "com.mojang:text2speech:1.12.4",
          "downloads": {
            "artifact": {
              "path": "com/mojang/text2speech/1.12.4/text2speech-1.12.4.jar",
              "url": "https://libraries.minecraft.net/com/mojang/text2speech/1.12.4/text2speech-1.12.4.jar",
              "sha1": "1f618f522dbdd93218c270bcfd8f8dd84be31717",
              "size": 12874
            },
            "classifiers": {
              "natives-linux": {
                "path": "com/mojang/text2speech/1.12.4/text2speech-1.12.4-natives-linux.jar",
                "url": "https://libraries.minecraft.net/com/mojang/text2speech/1.12.4/text2speech-1.12.4-natives-linux.jar",
                "sha1": "9571b1360a268311d7fa625614186965914f0215",
                "size": 7833
              },
              "natives-windows": {
                "path": "com/mojang/text2speech/1.12.4/text2speech-1.12.4-natives-windows.jar",
                "url": "https://libraries.minecraft.net/com/mojang/text2speech/1.12.4/text2speech-1.12.4-natives-windows.jar",
                "sha1": "7e37c535186a058d730ec03491182fae2efb57be",
                "size": 81379
              }
            }
          },
          "extract": {
            "exclude": [
              "META-INF/"
            ]
          },
          "natives": {
            "linux": "natives-linux",
            "windows": "natives-windows"
          }
        },
        {
          "name": "ca.weblite:java-objc-bridge:1.0.0",
          "downloads": {
            "artifact": {
              "path": "ca/weblite/java-objc-bridge/1.0.0/java-objc-bridge-1.0.0.jar",
              "url": "https://libraries.minecraft.net/ca/weblite/java-objc-bridge/1.0.0/java-objc-bridge-1.0.0.jar",
              "sha1": "6ef160c3133a78de015830860197602ca1c855d3",
              "size": 40502
            },
            "classifiers": {
              "natives-osx": {
                "path": "ca/weblite/java-objc-bridge/1.0.0/java-objc-bridge-1.0.0-natives-osx.jar",
                "url": "https://libraries.minecraft.net/ca/weblite/java-objc-bridge/1.0.0/java-objc-bridge-1.0.0-natives-osx.jar",
                "sha1": "08befab4894d55875f33c3d300f4f71e6e828f64",
                "size": 5629
              }
            }
          },
          "extract": {
            "exclude": [
              "META-INF/"
            ]
          },
          "natives": {
            "osx": "natives-osx"
          },
          "rules": [
            {
              "action": "allow",
              "os": {
                "name": "osx"
              }
            }
          ]
        },
        {
          "name": "ca.weblite:java-objc-bridge:1.0.0",
          "downloads": {
            "artifact": {
              "path": "ca/weblite/java-objc-bridge/1.0.0/java-objc-bridge-1.0.0.jar",
              "url": "https://libraries.minecraft.net/ca/weblite/java-objc-bridge/1.0.0/java-objc-bridge-1.0.0.jar",
              "sha1": "6ef160c3133a78de015830860197602ca1c855d3",
              "size": 40502
            }
          },
          "rules": [
            {
              "action": "allow",
              "os": {
                "name": "osx"
              }
            }
          ]
        }
      ],
      "downloads": {
        "server": {
          "url": "https://launcher.mojang.com/v1/objects/c8f83c5655308435b3dcf03c06d9fe8740a77469/server.jar",
          "sha1": "c8f83c5655308435b3dcf03c06d9fe8740a77469",
          "size": 46592587
        },
        "client": {
          "url": "https://launcher.mojang.com/v1/objects/2e9a3e3107cca00d6bc9c97bf7d149cae163ef21/client.jar",
          "sha1": "2e9a3e3107cca00d6bc9c97bf7d149cae163ef21",
          "size": 20259661
        },
        "client_mappings": {
          "url": "https://launcher.mojang.com/v1/objects/a661c6a55a0600bd391bdbbd6827654c05b2109c/client.txt",
          "sha1": "a661c6a55a0600bd391bdbbd6827654c05b2109c",
          "size": 6716693
        },
        "server_mappings": {
          "url": "https://launcher.mojang.com/v1/objects/e562f588fea155d96291267465dc3323bfe1551b/server.txt",
          "sha1": "e562f588fea155d96291267465dc3323bfe1551b",
          "size": 5212964
        }
      },
      "logging": {
        "client": {
          "file": {
            "id": "client-1.12.xml",
            "url": "https://launcher.mojang.com/v1/objects/bd65e7d2e3c237be76cfbef4c2405033d7f91521/client-1.12.xml",
            "sha1": "bd65e7d2e3c237be76cfbef4c2405033d7f91521",
            "size": 888
          },
          "argument": "-Dlog4j.configurationFile\u003d${path}",
          "type": "log4j2-xml"
        }
      },
      "type": "release",
      "time": "2022-02-28T18:42:45+08:00",
      "releaseTime": "2022-02-28T18:42:45+08:00",
      "minimumLauncherVersion": 21
    },
    {
      "id": "fabric",
      "version": "0.14.14",
      "priority": 30000,
      "arguments": {},
      "mainClass": "net.fabricmc.loader.impl.launch.knot.KnotClient",
      "libraries": [
        {
          "name": "net.fabricmc:tiny-mappings-parser:0.3.0+build.17",
          "url": "https://maven.fabricmc.net/"
        },
        {
          "name": "net.fabricmc:sponge-mixin:0.11.4+mixin.0.8.5",
          "url": "https://maven.fabricmc.net/"
        },
        {
          "name": "net.fabricmc:tiny-remapper:0.8.2",
          "url": "https://maven.fabricmc.net/"
        },
        {
          "name": "net.fabricmc:access-widener:2.1.0",
          "url": "https://maven.fabricmc.net/"
        },
        {
          "name": "org.ow2.asm:asm:9.4",
          "url": "https://maven.fabricmc.net/"
        },
        {
          "name": "org.ow2.asm:asm-analysis:9.4",
          "url": "https://maven.fabricmc.net/"
        },
        {
          "name": "org.ow2.asm:asm-commons:9.4",
          "url": "https://maven.fabricmc.net/"
        },
        {
          "name": "org.ow2.asm:asm-tree:9.4",
          "url": "https://maven.fabricmc.net/"
        },
        {
          "name": "org.ow2.asm:asm-util:9.4",
          "url": "https://maven.fabricmc.net/"
        },
        {
          "name": "net.fabricmc:intermediary:1.18.2",
          "url": "https://maven.fabricmc.net/"
        },
        {
          "name": "net.fabricmc:fabric-loader:0.14.14",
          "url": "https://maven.fabricmc.net/"
        }
      ]
    }
  ]
}